{
  "seeds": [
    42,
    123,
    456,
    789,
    1337
  ],
  "alpha": 0.02,
  "agents": {
    "agent_g": {
      "label": "Agent-G (gradual, no gate)",
      "values": [
        1.1742,
        1.094,
        1.1153,
        1.2168,
        1.0771
      ],
      "mean": 1.13548,
      "std": 0.058412815374710395
    }
  }
}